Timestamp,Email Address,Nom :,Prénom :,Je suis :,Statut :,Commentaires
01/01/2023 00:00,armando.d.rivera@outlook.com,Rivera Moncada,Armando,Étudiant·e,MA1,
02/01/2023 00:00,armando.d.rivera@outlook.com,Rivera Moncada,Armando,Étudiant·e,MA2,
03/01/2023 00:00,armando.d.rivera@outlook.com,Rivera Moncada,Armando,Étudiant·e,MA2,
04/01/2023 00:00,armando.d.rivera@outlook.com,Rivera Moncada,Armando,Étudiant·e,MA1,
05/01/2023 00:00,armando.d.rivera@outlook.com,Rivera Moncada,Armando,Étudiant·e,MA1,
06/01/2023 00:00,armando.d.rivera@outlook.com,Rivera Moncada,Armando,Étudiant·e,MA1,
07/01/2023 00:00,armando.d.rivera@outlook.com,Rivera Moncada,Armando,Étudiant·e,MA1,
08/01/2023 00:00,armando.d.rivera@outlook.com,Rivera Moncada,Armando,Étudiant·e,MA1,
09/01/2023 00:00,armando.d.rivera@outlook.com,Rivera Moncada,Armando,Étudiant·e,MA1,
10/01/2023 00:00,armando.d.rivera@outlook.com,Rivera Moncada,Armando,Étudiant·e,MA1,
11/01/2023 00:00,armando.d.rivera@outlook.com,Rivera Moncada,Armando,Étudiant·e,MA2,
12/01/2023 00:00,armando.d.rivera@outlook.com,Rivera Moncada,Armando,Étudiant·e,MA2,
13/01/2023 00:00,armando.d.rivera@outlook.com,Rivera Moncada,Armando,Étudiant·e,MA1,
14/01/2023 00:00,armando.d.rivera@outlook.com,Rivera Moncada,Armando,Étudiant·e,MA2,
15/01/2023 00:00,armando.d.rivera@outlook.com,Rivera Moncada,Armando,Étudiant·e,MA1,
16/01/2023 00:00,armando.d.rivera@outlook.com,Rivera Moncada,Armando,Étudiant·e,MA2,
17/01/2023 00:00,armando.d.rivera@outlook.com,Rivera Moncada,Armando,Post-doctorant·e,,
18/01/2023 00:00,armando.d.rivera@outlook.com,Rivera Moncada,Armando,Académique,,
19/01/2023 00:00,armando.d.rivera@outlook.com,Rivera Moncada,Armando,Doctorant·e,,
20/01/2023 00:00,armando.d.rivera@outlook.com,Rivera Moncada,Armando,Doctorant·e - PhD candidate,,
21/01/2023 00:00,armando.d.rivera@outlook.com,Rivera Moncada,Armando,Doctorant·e - PhD candidate,,
22/01/2023 00:00,armando.d.rivera@outlook.com,Rivera Moncada,Armando,Doctorant·e - PhD candidate,,
23/01/2023 00:00,armando.d.rivera@outlook.com,Rivera Moncada,Armando,Doctorant·e - PhD candidate,,
24/01/2023 00:00,armando.d.rivera@outlook.com,Rivera Moncada,Armando,Doctorant·e - PhD candidate,,
25/01/2023 00:00,armando.d.rivera@outlook.com,Rivera Moncada,Armando,Autre,,
26/01/2023 00:00,armando.d.rivera@outlook.com,Rivera Moncada,Armando,Étudiant·e - Student,MA1,
27/01/2023 00:00,armando.d.rivera@outlook.com,Rivera Moncada,Armando,Étudiant·e - Student,MA1,
28/01/2023 00:00,armando.d.rivera@outlook.com,Rivera Moncada,Armando,Académique,,
29/01/2023 00:00,armando.d.rivera@outlook.com,Rivera Moncada,Armando,Académique,,
30/01/2023 00:00,armando.d.rivera@outlook.com,Rivera Moncada,Armando,Étudiant·e - Student,MA1,
31/01/2023 00:00,armando.d.rivera@outlook.com,Rivera Moncada,Armando,Étudiant·e - Student,MA1,
01/02/2023 00:00,armando.d.rivera@outlook.com,Rivera Moncada,Armando,Chercheur·euse,,
02/02/2023 00:00,armando.d.rivera@outlook.com,Rivera Moncada,Armando,Doctorant·e - PhD candidate,,
03/02/2023 00:00,armando.d.rivera@outlook.com,Rivera Moncada,Armando,Étudiant·e - Student,MA2,
04/02/2023 00:00,armando.d.rivera@outlook.com,Rivera Moncada,Armando,Doctorant·e - PhD candidate,,
05/02/2023 00:00,armando.d.rivera@outlook.com,Rivera Moncada,Armando,Autre,,
06/02/2023 00:00,armando.d.rivera@outlook.com,Rivera Moncada,Armando,Doctorant·e - PhD candidate,,
07/02/2023 00:00,armando.d.rivera@outlook.com,Rivera Moncada,Armando,Doctorant·e - PhD candidate,,
08/02/2023 00:00,armando.d.rivera@outlook.com,Rivera Moncada,Armando,Doctorant·e - PhD candidate,,
09/02/2023 00:00,armando.d.rivera@outlook.com,Rivera Moncada,Armando,Étudiant·e - Student,MA1,blabla
10/02/2023 00:00,armando.d.rivera@outlook.com,Rivera Moncada,Armando,Chercheur·euse,,
11/02/2023 00:00,armando.d.rivera@outlook.com,Rivera Moncada,Armando,Étudiant·e - Student,MA1,
12/02/2023 00:00,armando.d.rivera@outlook.com,Rivera Moncada,Armando,Doctorant·e - PhD candidate,,
13/02/2023 00:00,armando.d.rivera@outlook.com,Rivera Moncada,Armando,Doctorant·e - PhD candidate,,
14/02/2023 00:00,armando.d.rivera@outlook.com,Rivera Moncada,Armando,Étudiant·e - Student,BA3,
15/02/2023 00:00,armando.d.rivera@outlook.com,Rivera Moncada,Armando,Autre,,
16/02/2023 00:00,armando.d.rivera@outlook.com,Rivera Moncada,Armando,Étudiant·e - Student,MA2,
17/02/2023 00:00,armando.d.rivera@outlook.com,Rivera Moncada,Armando,Doctorant·e - PhD candidate,,
18/02/2023 00:00,armando.d.rivera@outlook.com,Rivera Moncada,Armando,Autre,,
19/02/2023 00:00,armando.d.rivera@outlook.com,Rivera Moncada,Armando,Doctorant·e - PhD candidate,,
20/02/2023 00:00,armando.d.rivera@outlook.com,Rivera Moncada,Armando,Étudiant·e - Student,BA3,
21/02/2023 00:00,armando.d.rivera@outlook.com,Rivera Moncada,Armando,Docteur·e,,
22/02/2023 00:00,armando.d.rivera@outlook.com,Rivera Moncada,Armando,Étudiant·e - Student,MA1,
23/02/2023 00:00,armando.d.rivera@outlook.com,Rivera Moncada,Armando,Étudiant·e - Student,MA2,
24/02/2023 00:00,armando.d.rivera@outlook.com,Rivera Moncada,Armando,Étudiant·e - Student,MA1,
25/02/2023 00:00,armando.d.rivera@outlook.com,Rivera Moncada,Armando,Académique,,
26/02/2023 00:00,armando.d.rivera@outlook.com,Rivera Moncada,Armando,Étudiant·e - Student,MA1,
27/02/2023 00:00,armando.d.rivera@outlook.com,Rivera Moncada,Armando,Étudiant·e - Student,MA2,
28/02/2023 00:00,armando.d.rivera@outlook.com,Rivera Moncada,Armando,Étudiant·e - Student,BA1,
01/03/2023 00:00,armando.d.rivera@outlook.com,Rivera Moncada,Armando,Étudiant·e - Student,MA1,
02/03/2023 00:00,armando.d.rivera@outlook.com,Rivera Moncada,Armando,Étudiant·e - Student,BA1,
03/03/2023 00:00,armando.d.rivera@outlook.com,Rivera Moncada,Armando,Étudiant·e - Student,BA1,
04/03/2023 00:00,armando.d.rivera@outlook.com,Rivera Moncada,Armando,Étudiant·e - Student,MA1,
05/03/2023 00:00,armando.d.rivera@outlook.com,Rivera Moncada,Armando,Académique,,
06/03/2023 00:00,armando.d.rivera@outlook.com,Rivera Moncada,Armando,Étudiant·e - Student,MA1,
07/03/2023 00:00,armando.d.rivera@outlook.com,Rivera Moncada,Armando,Étudiant·e - Student,MA1,
08/03/2023 00:00,armando.d.rivera@outlook.com,Rivera Moncada,Armando,Étudiant·e - Student,MA1,
09/03/2023 00:00,armando.d.rivera@outlook.com,Rivera Moncada,Armando,Étudiant·e - Student,MA1,
10/03/2023 00:00,armando.d.rivera@outlook.com,Rivera Moncada,Armando,Étudiant·e - Student,MA2,
11/03/2023 00:00,armando.d.rivera@outlook.com,Rivera Moncada,Armando,Étudiant·e - Student,MA2,
12/03/2023 00:00,armando.d.rivera@outlook.com,Rivera Moncada,Armando,Étudiant·e - Student,MA1,
13/03/2023 00:00,armando.d.rivera@outlook.com,Rivera Moncada,Armando,Académique,,
14/03/2023 00:00,armando.d.rivera@outlook.com,Rivera Moncada,Armando,Étudiant·e - Student,MA1,
15/03/2023 00:00,armando.d.rivera@outlook.com,Rivera Moncada,Armando,Étudiant·e - Student,MA1,
16/03/2023 00:00,armando.d.rivera@outlook.com,Rivera Moncada,Armando,Étudiant·e - Student,MA1,blabla
17/03/2023 00:00,armando.d.rivera@outlook.com,Rivera Moncada,Armando,Étudiant·e - Student,MA1,
,,Rivera Moncada,Armando,Doctorant·e - PhD candidate - Post-doctorant·e,,
,,Rivera Moncada,Armando,Doctorant·e - PhD candidate - Post-doctorant·e,,
,,Rivera Moncada,Armando,Doctorant·e - PhD candidate - Post-doctorant·e,,
,,Rivera Moncada,Armando,Doctorant·e - PhD candidate - Post-doctorant·e,,
,,Rivera Moncada,Armando,Doctorant·e - PhD candidate - Post-doctorant·e,,
,,Rivera Moncada,Armando,Doctorant·e - PhD candidate - Post-doctorant·e,,
,,Rivera Moncada,Armando,Doctorant·e - PhD candidate - Post-doctorant·e,,
,,Rivera Moncada,Armando,Doctorant·e - PhD candidate - Post-doctorant·e,,
,,Rivera Moncada,Armando,Doctorant·e - PhD candidate - Post-doctorant·e,,
,,Rivera Moncada,Armando,Doctorant·e - PhD candidate - Post-doctorant·e,,
,,Rivera Moncada,Armando,Doctorant·e - PhD candidate - Post-doctorant·e,,
,,Rivera Moncada,Armando,Doctorant·e - PhD candidate - Post-doctorant·e,,
,,Rivera Moncada,Armando,Doctorant·e - PhD candidate - Post-doctorant·e,,
,,Rivera Moncada,Armando,Doctorant·e - PhD candidate - Post-doctorant·e,,
,,Rivera Moncada,Armando,Doctorant·e - PhD candidate - Post-doctorant·e,,
,,Rivera Moncada,Armando,Doctorant·e - PhD candidate - Post-doctorant·e,,
,,Rivera Moncada,Armando,Doctorant·e - PhD candidate - Post-doctorant·e,,
,,Rivera Moncada,Armando,Doctorant·e - PhD candidate - Post-doctorant·e,,
,,Rivera Moncada,Armando,Doctorant·e - PhD candidate - Post-doctorant·e,,
,,Rivera Moncada,Armando,Doctorant·e - PhD candidate - Post-doctorant·e,,
,,Rivera Moncada,Armando,Doctorant·e - PhD candidate - Post-doctorant·e,,
,,Rivera Moncada,Armando,Doctorant·e - PhD candidate - Post-doctorant·e,,
,,Rivera Moncada,Armando,Doctorant·e - PhD candidate - Post-doctorant·e,,
,,Rivera Moncada,Armando,Doctorant·e - PhD candidate - Post-doctorant·e,,
,,Rivera Moncada,Armando,Doctorant·e - PhD candidate - Post-doctorant·e,,
,,Rivera Moncada,Armando,Doctorant·e - PhD candidate - Post-doctorant·e,,
,,Rivera Moncada,Armando,Doctorant·e - PhD candidate - Post-doctorant·e,,
,,Rivera Moncada,Armando,Doctorant·e - PhD candidate - Post-doctorant·e,,
,,Rivera Moncada,Armando,Doctorant·e - PhD candidate - Post-doctorant·e,,
,,Rivera Moncada,Armando,Doctorant·e - PhD candidate - Post-doctorant·e,,
,,Rivera Moncada,Armando,Doctorant·e - PhD candidate - Post-doctorant·e,,
,,Rivera Moncada,Armando,Doctorant·e - PhD candidate - Post-doctorant·e,,
,,Rivera Moncada,Armando,Doctorant·e - PhD candidate - Post-doctorant·e,,
,,Rivera Moncada,Armando,Doctorant·e - PhD candidate - Post-doctorant·e,,
,,Rivera Moncada,Armando,Doctorant·e - PhD candidate - Post-doctorant·e,,
,,Rivera Moncada,Armando,Doctorant·e - PhD candidate - Post-doctorant·e,,
,,Rivera Moncada,Armando,Doctorant·e - PhD candidate - Post-doctorant·e,,
,,Rivera Moncada,Armando,Doctorant·e - PhD candidate - Post-doctorant·e,,
,,Rivera Moncada,Armando,Doctorant·e - PhD candidate - Post-doctorant·e,,
,,Rivera Moncada,Armando,Doctorant·e - PhD candidate - Post-doctorant·e,,
,,Rivera Moncada,Armando,Doctorant·e - PhD candidate - Post-doctorant·e,,
,,Rivera Moncada,Armando,Doctorant·e - PhD candidate - Post-doctorant·e,,
,,Rivera Moncada,Armando,Doctorant·e - PhD candidate - Post-doctorant·e,,
,,Rivera Moncada,Armando,Doctorant·e - PhD candidate - Post-doctorant·e,,
,,Rivera Moncada,Armando,Doctorant·e - PhD candidate - Post-doctorant·e,,
,,Rivera Moncada,Armando,Doctorant·e - PhD candidate - Post-doctorant·e,,
,,Rivera Moncada,Armando,Doctorant·e - PhD candidate - Post-doctorant·e,,
,,Rivera Moncada,Armando,Doctorant·e - PhD candidate - Post-doctorant·e,,
,,Rivera Moncada,Armando,Doctorant·e - PhD candidate - Post-doctorant·e,,
,,Rivera Moncada,Armando,Doctorant·e - PhD candidate - Post-doctorant·e,,
,,Rivera Moncada,Armando,Doctorant·e - PhD candidate - Post-doctorant·e,,
,,Rivera Moncada,Armando,Doctorant·e - PhD candidate - Post-doctorant·e,,
,,Rivera Moncada,Armando,Doctorant·e - PhD candidate - Post-doctorant·e,,
,,Armando Rivera Moncada,,president EBB,,
,,Armando Rivera Moncada,,Post-doc (FNRS),,
,,Armando Rivera Moncada,,Maitre de recherche FNRS,,
,,Armando Rivera Moncada,,Young researcher ,,
,,Armando Rivera Moncada,,PhD student,,
,,Armando Rivera Moncada,,PhD student ,,
,,Armando Rivera Moncada,,PhD student - Assistant,,
,,Armando Rivera Moncada,,Post-doc (FNRS),,
,,Armando Rivera Moncada,,PhD student ,,
,,Armando Rivera Moncada,,Senior researcher - industry,,
,,Armando Rivera Moncada,,PhD student - Assistant,,